chan_id,true_start,pred_start,lead_steps
P-1,2149,2130,19
P-1,3539,3540,-1
P-1,4536,4520,16
S-1,5300,5290,10
E-1,5000,5010,-10
E-1,5610,5570,40
E-2,5598,5570,28
E-3,5094,5570,-476
E-4,5450,5570,-120
E-5,5600,5570,30
E-6,5610,5570,40
E-7,5394,5430,-36
E-8,5400,5710,-310
E-9,5550,5710,-160
E-10,5000,5010,-10
E-10,5601,5570,31
E-11,5000,5010,-10
E-11,5614,5570,44
E-12,5000,5010,-10
E-12,5610,5570,40
E-13,5600,5570,30
E-13,6449,6480,-31
A-1,4690,4730,-40
D-1,5250,5220,30
P-2,5350,5290,60
P-3,5401,5360,41
D-2,4319,4660,-341
D-3,5225,5360,-135
D-4,5225,5290,-65
A-2,4450,4450,0
A-3,4575,4590,-15
A-4,4550,4520,30
G-2,4030,4030,0
D-5,4800,4800,0
D-6,4870,4870,0
D-7,4940,5010,-70
P-4,950,931,19
P-4,2150,2171,-21
P-4,4770,4800,-30
G-3,4200,4170,30
T-1,2399,2560,-161
T-2,6840,6900,-60
D-9,6250,6410,-160
F-2,5669,6760,-1091
G-4,4690,4660,30
T-3,2098,2057,41
T-3,5200,5220,-20
D-11,4270,4240,30
D-12,5178,5360,-182
B-1,5060,5010,50
G-6,5600,5640,-40
G-7,3650,3610,40
G-7,5050,5010,40
G-7,7560,7530,30
P-7,4950,5010,-60
R-1,4510,4520,-10
A-5,2750,2700,50
A-6,1890,1805,85
A-7,6200,6200,0
D-13,5070,5080,-10
P-2,5300,5290,10
A-8,4569,7880,-3311
M-6,1850,1815,35
S-2,900,806,94
P-10,4590,4590,0
T-5,1200,1114,86
F-7,1250,1322,-72
F-7,2670,2700,-30
M-3,1250,1372,-122
M-4,1250,1315,-65
M-5,1250,1529,-279
P-15,1390,1300,90
C-1,550,500,50
C-2,290,250,40
T-12,630,616,14
F-4,2700,2700,0
F-5,3550,3540,10
D-14,1800,1891,-91
P-14,4575,4590,-15
T-8,870,786,84
T-8,1330,1273,57
P-11,1238,1190,48
P-11,1778,1750,28
D-15,1500,1751,-251
D-16,600,726,-126
M-7,940,861,79
F-8,1950,1915,35
